INSERT INTO Rooms (Id, Name, Capacity)
VALUES
    ('9DD6D0A2-580B-4359-ACA9-D6C4BE355943', 'Room 101',  30),
    ('9C272A86-E5D9-428C-862D-0DAF470F8145', 'Room 202',  25),
    ('111EE309-BBD2-4CB7-A148-9A39F2817B28', 'Lab 301',   20),
    ('60FF6A66-5653-4F2D-B8CA-AB00ACD8E953', 'Seminar A', 15),
    ('27CCCDAC-8768-4CB7-8241-E0AEEF27ED33', 'Seminar B', 15);


INSERT INTO Consultations (Id, StartTime, EndTime, RoomId, CreatedAt, CreatedById, LastModifiedAt, LastModifiedById)
VALUES
    (
        'D885F434-F6E9-417B-AEF1-7089E26B369E',
        '2025-03-10 10:00:00', '2025-03-10 12:00:00',
        '9DD6D0A2-580B-4359-ACA9-D6C4BE355943',
        '2025-03-01 08:00:00', '60240ef8-99c1-4808-aca8-af769738e5fd',
        '2025-03-01 08:00:00', '60240ef8-99c1-4808-aca8-af769738e5fd'
    ),
    (
        '5752A0C7-7DEB-4F98-8492-DE2969B23916',
        '2025-03-17 10:00:00', '2025-03-17 12:00:00',
        '9C272A86-E5D9-428C-862D-0DAF470F8145',
        '2025-03-08 08:00:00', '60240ef8-99c1-4808-aca8-af769738e5fd',
        '2025-03-08 08:00:00', '60240ef8-99c1-4808-aca8-af769738e5fd'
    ),
    (
        '59A34548-CAEA-4A8A-8A4D-A140D2C16F19',
        '2025-03-24 14:00:00', '2025-03-24 16:00:00',
        '111EE309-BBD2-4CB7-A148-9A39F2817B28',
        '2025-03-15 09:00:00', '60240ef8-99c1-4808-aca8-af769738e5fd',
        '2025-03-15 09:00:00', '60240ef8-99c1-4808-aca8-af769738e5fd'
    ),
    (
        '01BE47B1-4AB9-47D6-94E9-F0994640889E',
        '2025-03-31 10:00:00', '2025-03-31 12:00:00',
        '60FF6A66-5653-4F2D-B8CA-AB00ACD8E953',
        '2025-03-22 08:00:00', '60240ef8-99c1-4808-aca8-af769738e5fd',
        '2025-03-22 08:00:00', '60240ef8-99c1-4808-aca8-af769738e5fd'
    ),
    (
        '2FDE0622-0FA6-4321-95C0-451F83022A40',
        '2025-04-07 14:00:00', '2025-04-07 16:00:00',
        '27CCCDAC-8768-4CB7-8241-E0AEEF27ED33',
        '2025-03-29 08:00:00', '60240ef8-99c1-4808-aca8-af769738e5fd',
        '2025-03-29 08:00:00', '60240ef8-99c1-4808-aca8-af769738e5fd'
    );

INSERT INTO Holds (Id, ConsultationId, UserId, CreatedAt, CreatedById, LastModifiedAt, LastModifiedById)
VALUES
    (
        '478E6B4C-2F3C-47A4-98DE-0AD2C555C1FC',
        'D885F434-F6E9-417B-AEF1-7089E26B369E',
        '60240ef8-99c1-4808-aca8-af769738e5fd',
        '2025-03-01 08:00:00', '60240ef8-99c1-4808-aca8-af769738e5fd',
        '2025-03-01 08:00:00', '60240ef8-99c1-4808-aca8-af769738e5fd'
    ),
    (
        '8EAA3DC2-C5A4-4D62-B05D-0DAA749F0D9B',
        '5752A0C7-7DEB-4F98-8492-DE2969B23916',
        '60240ef8-99c1-4808-aca8-af769738e5fd',
        '2025-03-08 08:00:00', '60240ef8-99c1-4808-aca8-af769738e5fd',
        '2025-03-08 08:00:00', '60240ef8-99c1-4808-aca8-af769738e5fd'
    ),
    (
        '2D8277B1-020A-40C8-AC28-B7714CA67072',
        '59A34548-CAEA-4A8A-8A4D-A140D2C16F19',
        '60240ef8-99c1-4808-aca8-af769738e5fd',
        '2025-03-15 09:00:00', '60240ef8-99c1-4808-aca8-af769738e5fd',
        '2025-03-15 09:00:00', '60240ef8-99c1-4808-aca8-af769738e5fd'
    ),
    (
        '08C1CBBF-0410-4F55-B5EE-AF9C30B26AAB',
        '01BE47B1-4AB9-47D6-94E9-F0994640889E',
        '60240ef8-99c1-4808-aca8-af769738e5fd',
        '2025-03-22 08:00:00', '60240ef8-99c1-4808-aca8-af769738e5fd',
        '2025-03-22 08:00:00', '60240ef8-99c1-4808-aca8-af769738e5fd'
    ),
    (
        '1E6B9378-1952-4A2B-A7E0-022B1CD21729',
        '2FDE0622-0FA6-4321-95C0-451F83022A40',
        '60240ef8-99c1-4808-aca8-af769738e5fd',
        '2025-03-29 08:00:00', '60240ef8-99c1-4808-aca8-af769738e5fd',
        '2025-03-29 08:00:00', '60240ef8-99c1-4808-aca8-af769738e5fd'
    );

INSERT INTO Attendances (Id, Comment, Status, UserId, RoomId, ConsultationId)
VALUES
    ('C75EEDE2-BF48-4579-ADD5-41379DC9A4AA', 'First attendance, good session.',    1, '5d7f9348-e394-46dc-bba1-3a4f4095f226', '9DD6D0A2-580B-4359-ACA9-D6C4BE355943', 'D885F434-F6E9-417B-AEF1-7089E26B369E'),
    ('544F8A74-9948-4C7C-9C79-53481583BF53', 'Reviewed exam material.',            1, '5d7f9348-e394-46dc-bba1-3a4f4095f226', '9DD6D0A2-580B-4359-ACA9-D6C4BE355943', 'D885F434-F6E9-417B-AEF1-7089E26B369E'),
    ('BD547AC3-1C10-4222-92A6-E1066D24553D', 'Questions about assignment 1.',      1, '5d7f9348-e394-46dc-bba1-3a4f4095f226', '9DD6D0A2-580B-4359-ACA9-D6C4BE355943', 'D885F434-F6E9-417B-AEF1-7089E26B369E'),
    ('1E1986A2-AFF2-408E-BEE0-065FC4D893E5', 'Pending review.',                   0, '5d7f9348-e394-46dc-bba1-3a4f4095f226', '9DD6D0A2-580B-4359-ACA9-D6C4BE355943', 'D885F434-F6E9-417B-AEF1-7089E26B369E'),
    ('568C5821-57B9-463E-8B41-E7A5ED01D332', 'Did not show up.',                  2, '5d7f9348-e394-46dc-bba1-3a4f4095f226', '9DD6D0A2-580B-4359-ACA9-D6C4BE355943', 'D885F434-F6E9-417B-AEF1-7089E26B369E'),
    ('39525BC2-314B-4AE7-BD54-EDB560CBD4D2', 'Clarified project requirements.',   1, '5d7f9348-e394-46dc-bba1-3a4f4095f226', '9DD6D0A2-580B-4359-ACA9-D6C4BE355943', 'D885F434-F6E9-417B-AEF1-7089E26B369E');

INSERT INTO Attendances (Id, Comment, Status, UserId, RoomId, ConsultationId)
VALUES
    ('1D6F3A5C-04B8-4B5B-9B49-245E5FCD529C', 'Discussed midterm topics.',         1, '5d7f9348-e394-46dc-bba1-3a4f4095f226', '9C272A86-E5D9-428C-862D-0DAF470F8145', '5752A0C7-7DEB-4F98-8492-DE2969B23916'),
    ('9918C5F8-2603-4EDC-910D-1E19FF287131', 'Code review session.',              1, '5d7f9348-e394-46dc-bba1-3a4f4095f226', '9C272A86-E5D9-428C-862D-0DAF470F8145', '5752A0C7-7DEB-4F98-8492-DE2969B23916'),
    ('285AED2B-8ADE-428A-8812-F52240085392', 'Had to leave early.',               2, '5d7f9348-e394-46dc-bba1-3a4f4095f226', '9C272A86-E5D9-428C-862D-0DAF470F8145', '5752A0C7-7DEB-4F98-8492-DE2969B23916'),
    ('CEF92A1E-A2A3-4C46-8C8C-59972B9140A8', 'Awaiting grade feedback.',          0, '5d7f9348-e394-46dc-bba1-3a4f4095f226', '9C272A86-E5D9-428C-862D-0DAF470F8145', '5752A0C7-7DEB-4F98-8492-DE2969B23916'),
    ('246F1245-8DC6-47CE-B9E9-7EDF22133E31', 'Asked about database schema.',      1, '5d7f9348-e394-46dc-bba1-3a4f4095f226', '9C272A86-E5D9-428C-862D-0DAF470F8145', '5752A0C7-7DEB-4F98-8492-DE2969B23916'),
    ('40CFA216-26D8-46E4-BCD6-2B61D0C26EBE', 'No comment provided.',             0, '5d7f9348-e394-46dc-bba1-3a4f4095f226', '9C272A86-E5D9-428C-862D-0DAF470F8145', '5752A0C7-7DEB-4F98-8492-DE2969B23916');

INSERT INTO Attendances (Id, Comment, Status, UserId, RoomId, ConsultationId)
VALUES
    ('CEF7C1FC-354A-4B3B-8B65-98B043CCF566', 'Lab exercise walkthrough.',         1, '5d7f9348-e394-46dc-bba1-3a4f4095f226', '111EE309-BBD2-4CB7-A148-9A39F2817B28', '59A34548-CAEA-4A8A-8A4D-A140D2C16F19'),
    ('39E3EAF8-A5BA-4B2D-88BA-421E3F8953F5', 'Debugging help received.',         1, '5d7f9348-e394-46dc-bba1-3a4f4095f226', '111EE309-BBD2-4CB7-A148-9A39F2817B28', '59A34548-CAEA-4A8A-8A4D-A140D2C16F19'),
    ('CF82F7AC-EF4C-477A-8F7D-D9F1D00EEAEA', 'Illness prevented attendance.',    2, '5d7f9348-e394-46dc-bba1-3a4f4095f226', '111EE309-BBD2-4CB7-A148-9A39F2817B28', '59A34548-CAEA-4A8A-8A4D-A140D2C16F19'),
    ('BCF98F43-2676-469E-B61A-5A3102587051', 'Reviewed data structures topic.',  1, '5d7f9348-e394-46dc-bba1-3a4f4095f226', '111EE309-BBD2-4CB7-A148-9A39F2817B28', '59A34548-CAEA-4A8A-8A4D-A140D2C16F19'),
    ('87E79432-A084-404E-85B6-3C66903628E0', 'Pending confirmation.',            0, '5d7f9348-e394-46dc-bba1-3a4f4095f226', '111EE309-BBD2-4CB7-A148-9A39F2817B28', '59A34548-CAEA-4A8A-8A4D-A140D2C16F19'),
    ('EFF6E3C3-CC0C-4CA2-B683-113358491DFA', 'Very productive session.',         1, '5d7f9348-e394-46dc-bba1-3a4f4095f226', '111EE309-BBD2-4CB7-A148-9A39F2817B28', '59A34548-CAEA-4A8A-8A4D-A140D2C16F19');

INSERT INTO Attendances (Id, Comment, Status, UserId, RoomId, ConsultationId)
VALUES
    ('82493B5E-F20F-42C8-ABEF-CA2D2C5A6A04', 'Discussed final project scope.',      1, '5d7f9348-e394-46dc-bba1-3a4f4095f226', '60FF6A66-5653-4F2D-B8CA-AB00ACD8E953', '01BE47B1-4AB9-47D6-94E9-F0994640889E'),
    ('A9F8856A-E006-4F0E-B4F2-1DAFCD28D77A', 'Presentation feedback session.',      1, '5d7f9348-e394-46dc-bba1-3a4f4095f226', '60FF6A66-5653-4F2D-B8CA-AB00ACD8E953', '01BE47B1-4AB9-47D6-94E9-F0994640889E'),
    ('296B044D-08C5-4C53-A8EF-3BE1FE30B5D3', 'Missed due to scheduling conflict.', 2, '5d7f9348-e394-46dc-bba1-3a4f4095f226', '60FF6A66-5653-4F2D-B8CA-AB00ACD8E953', '01BE47B1-4AB9-47D6-94E9-F0994640889E'),
    ('50C28F82-06DF-4FAA-9983-75A0CA991F8C', 'Extra questions on REST APIs.',       1, '5d7f9348-e394-46dc-bba1-3a4f4095f226', '60FF6A66-5653-4F2D-B8CA-AB00ACD8E953', '01BE47B1-4AB9-47D6-94E9-F0994640889E'),
    ('5D532829-B629-4DBF-8DB7-3526B5C2C49A', 'Awaiting rescheduling.',             0, '5d7f9348-e394-46dc-bba1-3a4f4095f226', '60FF6A66-5653-4F2D-B8CA-AB00ACD8E953', '01BE47B1-4AB9-47D6-94E9-F0994640889E'),
    ('88FC1F2D-3778-45CA-B3B0-0C09A1DE598E', 'Went through past exam papers.',     1, '5d7f9348-e394-46dc-bba1-3a4f4095f226', '60FF6A66-5653-4F2D-B8CA-AB00ACD8E953', '01BE47B1-4AB9-47D6-94E9-F0994640889E');

INSERT INTO Attendances (Id, Comment, Status, UserId, RoomId, ConsultationId)
VALUES
    ('3CE90158-F2CA-4471-88B0-751F70F283B0', 'Pre-exam revision session.',           1, '5d7f9348-e394-46dc-bba1-3a4f4095f226', '27CCCDAC-8768-4CB7-8241-E0AEEF27ED33', '2FDE0622-0FA6-4321-95C0-451F83022A40'),
    ('83F3BCA6-C5E6-4AEC-80C8-945F627197D6', 'Clarified grading rubric.',            1, '5d7f9348-e394-46dc-bba1-3a4f4095f226', '27CCCDAC-8768-4CB7-8241-E0AEEF27ED33', '2FDE0622-0FA6-4321-95C0-451F83022A40'),
    ('6B5333BE-6C32-4C17-8837-9B6778B0D99E', 'Student was late, marked absent.',    2, '5d7f9348-e394-46dc-bba1-3a4f4095f226', '27CCCDAC-8768-4CB7-8241-E0AEEF27ED33', '2FDE0622-0FA6-4321-95C0-451F83022A40'),
    ('FA0BC4D5-BC31-4323-A805-D1CAD168564D', 'Portfolio walkthrough.',               1, '5d7f9348-e394-46dc-bba1-3a4f4095f226', '27CCCDAC-8768-4CB7-8241-E0AEEF27ED33', '2FDE0622-0FA6-4321-95C0-451F83022A40'),
    ('A9A7E94A-7E57-43F7-B54F-DD8DA89B9BF2', 'Registration pending approval.',      0, '5d7f9348-e394-46dc-bba1-3a4f4095f226', '27CCCDAC-8768-4CB7-8241-E0AEEF27ED33', '2FDE0622-0FA6-4321-95C0-451F83022A40'),
    ('9C353A8F-D763-4994-A44A-C6F5FD131F4E', 'Discussed internship opportunities.', 1, '5d7f9348-e394-46dc-bba1-3a4f4095f226', '27CCCDAC-8768-4CB7-8241-E0AEEF27ED33', '2FDE0622-0FA6-4321-95C0-451F83022A40');